<?xml version="1.0" encoding="utf-8" standalone="yes"?>
<rss version="2.0" xmlns:atom="http://www.w3.org/2005/Atom">
  <channel>
    <title>Pink Joker Demo | Play Free Pokies Online in Australia on Pink Joker</title>
    <link>https://pinkjokerau.org/demo/</link>
    <description>Recent content in Pink Joker Demo | Play Free Pokies Online in Australia on Pink Joker</description>
    <generator>Hugo</generator>
    <language>en</language>
    <lastBuildDate></lastBuildDate>
    <atom:link href="https://pinkjokerau.org/demo/index.xml" rel="self" type="application/rss+xml" />
  </channel>
</rss>
